begin,length,keep,changes_only,flags_bit,flags_name,format,endian,interval,precision,sign,scale,shift,name,unit
0,8,,,,,STRING,,,,,,,Manufacture_Name,
8,8,,,,,STRING,,,,,,,Manufacture_Model,
16,8,,,,,STRING,,,,,,,Manufacture_Date,
24,8,,,,,STRING,,,,,,,Facebook_Part_Number,
48,2,,,,,STRING,,,,,,,Build_Revision,
52,4,,,,,STRING,,,,,,,HW_Revision,
56,4,,,,,STRING,,,,,,,FW_Revision,
60,4,,,,,STRING,,,,,,,Workorder,
64,16,,,,,STRING,,,,,,,MFR_Serial,
90,1,,,,,FLOAT,,,0,,0.1,-273.15,Temp1,
91,1,,,,,FLOAT,,,0,,0.1,-273.15,Temp2,
92,1,,,,,FLOAT,,,0,,0.1,-273.15,Temp3,
93,1,,,,,FLOAT,,,0,,0.1,-273.15,Temp4,
94,1,,,,,INTEGER,,,,,,,Relative_State_Of_Charge,
95,1,,,,,INTEGER,,,,,,,Absolute_State_Of_Charge,
96,1,,,,,FLOAT,,,0,,0.001,,Supercap_Pack_Voltage,
97,1,,,,,FLOAT,,,0,TRUE,0.01,,Supercap_Pack_Current,
98,1,,,,,FLOAT,,,0,TRUE,0.01,,Average_Current,
99,1,,,,,INTEGER,,,,,,,Remaining_Capacity,
100,1,,,,,INTEGER,,,,,,,Full_Charge_Capacity,
101,2,,,,,INTEGER,,,,TRUE,,,Wall_Clock_Time,
104,1,,,,,FLAGS,,,,,,,CBU_Status,
,,,,15,Discharge_Not_Allowed,,,,,,,,,
,,,,14,Charge_Not_Allowed,,,,,,,,,
,,,,13,Temperature_Failure,,,,,,,,,
,,,,12,Pack_Over_Current,,,,,,,,,
,,,,11,Cell_Under_Voltage,,,,,,,,,
,,,,10,Pack_Under_Voltage,,,,,,,,,
,,,,9,Cell_Over_Voltage,,,,,,,,,
,,,,8,Pack_Over_Voltage,,,,,,,,,
,,,,7,EOL,,,,,,,,,
,,,,6,Fan_Failure,,,,,,,,,
,,,,5,Cell_Balancing_Failure,,,,,,,,,
,,,,4,Thermal_Throtting,,,,,,,,,
106,1,,,,,INTEGER,,,,,,,Manufacturer_Access,
107,1,,,,,FLAGS,,,,,,,CBU_Mode,
,,,,14,EOL_Threshold_Override,,,,,,,,,
,,,,13,System_Control_Enable,,,,,,,,,
,,,,9,HW_Reset_Pin_Enable_Disable,,,,,,,,,
,,,,4,Standby,,,,,,,,,
,,,,3,Fault_Mode,,,,,,,,,
,,,,1,Discharging,,,,,,,,,
,,,,0,Charging,,,,,,,,,
108,1,,,,,FLAGS,,,,,,,Supercap_Pack_Status,
,,,,14,Terminate_Charge_Alarm,,,,,,,,,
,,,,12,Over_Temperature_Alarm,,,,,,,,,
,,,,11,Terminate_Discharge_Alarm,,,,,,,,,
,,,,9,Remaining_Capacity_Alarm,,,,,,,,,
,,,,7,Charging,,,,,,,,,
,,,,6,Discharging,,,,,,,,,
109,1,,,,,FLOAT,,,0,,0.001,,Cell_Voltage1,
110,1,,,,,FLOAT,,,0,,0.001,,Cell_Voltage2,
111,1,,,,,FLOAT,,,0,,0.001,,Cell_Voltage3,
112,1,,,,,FLOAT,,,0,,0.001,,Cell_Voltage4,
113,1,,,,,FLOAT,,,0,,0.001,,Cell_Voltage5,
114,1,,,,,FLOAT,,,0,,0.001,,Cell_Voltage6,
115,1,,,,,FLOAT,,,0,,0.001,,Cell_Voltage7,
116,1,,,,,FLOAT,,,0,,0.001,,Cell_Voltage8,
117,1,,,,,FLOAT,,,0,,0.001,,Cell_Voltage9,
118,1,,,,,FLOAT,,,0,,0.001,,Cell_Voltage10,
119,1,,,,,FLOAT,,,0,,0.001,,Cell_Voltage11,
120,1,,,,,FLOAT,,,0,,0.001,,Cell_Voltage12,
123,1,,,,,INTEGER,,,,,,,Size_Module_Reg_Map,
124,1,,,,,FLOAT,,,0,,0.001,,Cell_Voltage13,
125,1,,,,,FLOAT,,,0,,0.001,,Cell_Voltage14,
126,1,,,,,FLOAT,,,0,,0.001,,Cell_Voltage15,
127,1,,,,,FLOAT,,,0,,0.001,,Cell_Voltage16,
136,1,,,,,INTEGER,,,,,,,Design_Capacity,
137,1,,,,,FLOAT,,,0,,0.001,,Design_Voltage,
141,1,,,,,INTEGER,,,,,,,Fan_3_Speed,
142,1,,,,,INTEGER,,,,,,,SOH,
143,1,,,,,INTEGER,,,,,,,Fan_2_Speed,
144,1,,,,,FLOAT,,,0,,0.001,,Charging_Current,
145,1,,,,,FLOAT,,,0,,0.001,,Charging_Voltage,
146,1,,,,,FLOAT,,,0,,0.01,,Discharge_Current,
147,1,,,,,FLOAT,,,0,,0.001,,Shelf_Busbar_Voltage,
148,1,,,,,INTEGER,,,,,,,Inlet_Ambient_Temperature,
149,1,,,,,INTEGER,,,,,,,Outlet_Ambient_Temperature,
150,1,,,,,INTEGER,,,,,,,Supercap_Pack_Temperature,
151,1,,,,,INTEGER,,,,,,,DCDC_Module_Temperature,
152,1,,,,,INTEGER,,,,,,,Fan_1_Speed,
153,1,,,,,FLAGS,,,,,,,CBU_Status_Word,
,,,,6,Power_Off_Mode,,,,,,,,,
,,,,5,Fan_3_Fault,,,,,,,,,
,,,,4,Fan_2_Fault,,,,,,,,,
,,,,3,Fan_1_Fault,,,,,,,,,
,,,,2,Buck_Mode_Fault,,,,,,,,,
,,,,1,Boost_Mode_Fault,,,,,,,,,
,,,,0,Temperature_Fault,,,,,,,,,
154,1,,,,,FLAGS,,,,,,,CBU_Status_Power_Charger,
,,,,4,Discharge_Input_UVP,,,,,,,,,
,,,,2,Discharge_Output_OVP,,,,,,,,,
,,,,1,Discharge_Output_OCP,,,,,,,,,
155,1,,,,,FLAGS,,,,,,,CBU_Status_Power_Discharger,
,,,,3,Charge_Output_OVP,,,,,,,,,
,,,,2,Charge_Input_UVP,,,,,,,,,
,,,,0,Charge_Output_OCP,,,,,,,,,
157,1,,,,,FLAGS,,,,,,,CBU_Status_Temperature,
,,,,4,Supercap_Pack_OTP,,,,,,,,,
,,,,3,DCDC_Module2_OTP,,,,,,,,,
,,,,2,DCDC_Module1_OTP,,,,,,,,,
,,,,1,Output_Ambient_OTP,,,,,,,,,
,,,,0,Input_Ambient_OTP,,,,,,,,,
158,1,,,,,FLAGS,,,,,,,End_Of_Life_Status,
,,,,0,CBU_EOL,,,,,,,,,
159,1,,,,,FLOAT,,,0,,0.001,,CBU_Output_Voltage_Inside_Oring,
161,1,,,,,FLOAT,,,0,,2,,CBU_Total_Service_Time,
163,1,,,,,INTEGER,,,,,,,Number_of_Installed_CBUs,
164,1,,,,,FLAGS,,,,,,,CBU_Module_Hardware_Signals,
,,,,14,PSKILL,,,,,,,,,
,,,,13,CBU_ALERT_L,,,,,,,,,
,,,,12,CBU_Reset,,,,,,,,,
,,,,10,AC_Loss_1_L,,,,,,,,,
,,,,8,Daisy_Chain_CBU,,,,,,,,,
,,,,6,A2,,,,,,,,,
,,,,5,A1,,,,,,,,,
,,,,4,A0,,,,,,,,,
,,,,3,Shelf_Addr_Int_2,,,,,,,,,
,,,,2,Shelf_Addr_Int_1,,,,,,,,,
,,,,1,Shelf_Addr_Int_0,,,,,,,,,
,,,,0,Ishare_Cable_Detection,,,,,,,,,
166,1,,,,,FLAGS,,,,,,,LED_Status,
,,,,0,Power_Good_On,,,,,,,,,
,,,,1,Power_Good_Blink,,,,,,,,,
,,,,2,LOWV_On,,,,,,,,,
,,,,3,LOWV_Blink,,,,,,,,,
,,,,4,EOL_On,,,,,,,,,
,,,,5,EOL_Blink,,,,,,,,,
,,,,6,Fault_Loc_On,,,,,,,,,
,,,,7,Fault_Loc_Blink,,,,,,,,,
224,1,,,,,FLOAT,,,0,,0.001,,Bus_Voltage_Max_Since_Power_On,
225,1,,,,,FLOAT,,,0,,0.001,,Bus_Voltage_Min_Since_Power_On,
226,1,,,,,FLOAT,,,0,,0.001,,Bus_Voltage_Max_Over_Period,
227,1,,,,,FLOAT,,,0,,0.001,,Bus_Voltage_Min_Over_Period,
228,1,,,,,INTEGER,,,,,,,AC_Loss_1_Count_Requested,
234,1,,,,,INTEGER,,,,,,,Shelf_Location,
235,1,,,,,FLOAT,,,0,,0.1,-273.15,Highest_Of_Temp1_To_Temp4,
237,2,,,,,INTEGER,,,,,,,Power_Off_Unix_Time,
288,1,,,,,INTEGER,,,,,,,Variable_Modbus_Baud_Rate,
289,1,,,,,INTEGER,,,,,,,Configurable_CBU_Maximum_Power,
290,1,,,,,INTEGER,,,,,,,Configurable_CBU_Maximum_PreCharge_Power,
292,1,,,,,FLAGS,,,,,,,LED_Override,
,,,,0,Fault_Loc_Blink,,,,,,,,,
293,1,,,,,INTEGER,,,,,,,Fan_Speed_Override,
304,1,,,,,INTEGER,,,,,,,EOL_Threshold_Override,
306,1,,,,,INTEGER,,,,,,,System_Control_Mode,
313,1,,,,,FLAGS,,,,,,,CBU_Clear_Fault,
,,,,0,Clear_CBU_Faults_And_Latch,,,,,,,,,
